{"Fid":"es97b_rQSP2YhJhkJFs-z-","Status":3,"AuthToken":"eyJhbGciOiJFUzI1NiIsInR5cCI6IkpXVCJ9.eyJhcHBJZCI6IjE6NzI5NTg3NzQyMDYwOmFuZHJvaWQ6ZTdkNmY4N2M3ODNmNTJiOWE0MmY0OSIsImV4cCI6MTcyNzUwODY1NywiZmlkIjoiZXM5N2JfclFTUDJZaEpoa0pGcy16LSIsInByb2plY3ROdW1iZXIiOjcyOTU4Nzc0MjA2MH0.AB2LPV8wRQIgNl6gFgSDyRWJiAvBn4VybSsrbUlpUY3x34EH4a86SsgCIQDNrUExpb9Hq6J_sQW23VSosuXv7TjIiFG-0BSLlPXUgA","RefreshToken":"3_AS3qfwJUpEIHBM9vUY_z64GAxDQW_DlKlHk8Qcoogp4f8onxR-eKwqSbu3smr6h3r3JfJqhQur_2WAnbF_n6SybpHuMfZN-4cPgZo7Z7nD_A4g","TokenCreationEpochInSecs":1726903855,"ExpiresInSecs":604800}